feature,mean_abs_shap
Age,0.10431975643128899
Malignant neoplasm of respiratory and intrathoracic organs_time,0.04009166495714133
Papulosquamous disorders_time,0.024535156380952324
Congenital malformations of the circulatory system_present,0.01676473024134568
Neoplasms of uncertain or unknown behaviour_present,0.01575106574586478
Disorders of psychological development_time,0.013926050800114569
Obesity and other hyperalimentation_time,0.01321971309788493
Disorders of choroid and retina_time,0.012810616026788506
Malignant neoplasm of urinary tract_time,0.012246409773551544
Persons encountering health services in other circumstances_time,0.011299586949731934
Disorders of breast_time,0.011089738152239341
Other nutritional deficiencies_present,0.01077128119028882
Other disorders of kidney and ureter_time,0.009375396181786613
Other disorders of kidney and ureter_present,0.00820216173231183
Other diseases of the respiratory system_time,0.007785375895759878
"Disorders of fluid, electrolyte and acid-base balance_time",0.007335604067549637
Malignant neoplasm of urinary tract_present,0.006408869792432545
Fracture of forearm_time,0.005079239099485797
Hypertensive diseases_time,0.005052333615263992
"Abnormal findings on examination of blood, without diagnosis_time",0.004719167078773383
Disorders of adult personality and behaviour_present,0.0045874426264638935
Disorders of other endocrine glands_time,0.004148834262976556
Congenital malformations of the digestive system_time,0.0037299559376184305
Other diseases of upper respiratory tract_time,0.003710551125389358
Chronic lower respiratory diseases_time,0.0030391887830739373
Rheumatoid arthritis and other inflammatory polyarthropathies_time,0.0029923037495744927
Other bacterial diseases_present,0.002860382240080881
Nutritional anaemias_present,0.0026991537858983895
Diseases of the ear and mastoid process_time,0.0026638948236844037
Glaucoma_time,0.002591493027202043
Injury of nerves and spinal cord_time,0.002475765754969269
Disorders of conjunctiva_time,0.002257638078680097
Other diseases of upper respiratory tract_present,0.0022575802014228223
Infections of the skin and subcutaneous tissue_time,0.0021084672588721214
Disorders of nails and hair_time,0.002028056083391949
Other forms of heart disease_time,0.002008762844655924
Noninfective enteritis and colitis_time,0.0019295142622620552
Systemic connective tissue disorders_present,0.001858830210183287
Disorders of lens_time,0.001724568270431564
Effects of foreign body entering through natural orifice_time,0.0010145230212062503
Inflammatory diseases of female pelvic organs_present,0.0009790074885431045
Dorsopathies_time,0.0007966373685956969
Open wound_present,0.0007371847842578972
Disorders of thyroid gland_present,0.0005766686514313096
"Neurotic, stress-related and somatoform disorders_present",0.0005412375410565748
Other diseases of urinary system_time,0.0005206269209650981
Diseases of appendix_time,0.0005115893989927054
Other endocrine disorders_time,0.0005113058689421603
Other forms of heart disease_present,0.00045702041536618056
"Abnormal findings on examination of urine, without diagnosis_present",0.00041500111022796436
Metabolic disorders_time,0.0003859567478813543
Disorders of conjunctiva_present,0.00038410538384466166
Glaucoma_present,0.00037426572068791444
Behavioural syndromes associated with physiological disturbances and physical factors_time,0.00015534869620564918
Disorders of autonomic nervous system_present,0.00013799336173111044
Intestinal infectious diseases_present,0.00012423537422600575
Disorders of lens_present,7.358157550828518e-05
Disorders of psychological development_present,4.9735629270154895e-05
Episodic and paroxysmal disorders_present,3.025148685635904e-05
Diseases of male genital organs_present,1.4960127302755359e-05
Diabetes mellitus_present,0.0
Disorders of autonomic nervous system_time,0.0
Disorders of bone density and structure_time,0.0
Noninfective enteritis and colitis_present,0.0
